pos,country_code,region_code,PourcentDeathAttribuableEnv,Per100000AirPol,Per100000Chemi,Per100000Water,Per100000UV,country_name,region_name,WorldBankincome,,,,,,,,,,,,,,,,,,,,,,,,,,,,,,,,,,,,",,,,,,,,,,,,,,,,,,,"
1,AFG,EMR,0.26,95.1151,1.18838,13.921,0.46,Afghanistan,Eastern Mediterranean,Low income,,,,,,,,,,,,,,,,,,,,,,,,,,,,,,,,,,,,
2,AGO,AFR,0.26,67.25207,2.69948,48.815,1.23,Angola,Africa,Lower middle income,,,,,,,,,,,,,,,,,,,,,,,,,,,,,,,,,,,,
3,ALB,EUR,0.23,104.74041,0.43779,0.166,1.45,Albania,Europe,Upper middle income,,,,,,,,,,,,,,,,,,,,,,,,,,,,,,,,,,,,
4,AND,EUR,0.11,,,,2.31,Andorra,Europe,,,,,,,,,,,,,,,,,,,,,,,,,,,,,,,,,,,,,
5,ARE,EMR,0.22,15.93985,0.25938,0.029,0.21,United Arab Emirates,Eastern Mediterranean,High income,,,,,,,,,,,,,,,,,,,,,,,,,,,,,,,,,,,,
6,ARG,AMR,0.13,36.95279,0.63831,0.363,2.12,Argentina,Americas,High income,,,,,,,,,,,,,,,,,,,,,,,,,,,,,,,,,,,,
7,ARM,EUR,0.21,80.51174,0.63363,0.177,2.2,Armenia,Europe,Upper middle income,,,,,,,,,,,,,,,,,,,,,,,,,,,,,,,,,,,,
8,ATG,AMR,0.12,28.28815,0.38689,0.114,0.15,Antigua and Barbuda,Americas,High income,,,,,,,,,,,,,,,,,,,,,,,,,,,,,,,,,,,,
9,AUS,WPR,0.1,16.83212,0.18709,0.095,5.73,Australia,Western Pacific,High income,,,,,,,,,,,,,,,,,,,,,,,,,,,,,,,,,,,,
10,AUT,EUR,0.12,38.74384,0.22472,0.124,2.94,Austria,Europe,High income,,,,,,,,,,,,,,,,,,,,,,,,,,,,,,,,,,,,
11,AZE,EUR,0.21,54.93922,0.55468,1.12,0.57,Azerbaijan,Europe,Upper middle income,,,,,,,,,,,,,,,,,,,,,,,,,,,,,,,,,,,,
12,BDI,AFR,0.26,100.23255,5.19373,65.401,0.81,Burundi,Africa,Low income,,,,,,,,,,,,,,,,,,,,,,,,,,,,,,,,,,,,
13,BEL,EUR,0.12,39.35927,0.2327,0.282,2.48,Belgium,Europe,High income,,,,,,,,,,,,,,,,,,,,,,,,,,,,,,,,,,,,
14,BEN,AFR,0.25,119.06817,3.51188,59.73,0.65,Benin,Africa,Low income,,,,,,,,,,,,,,,,,,,,,,,,,,,,,,,,,,,,
15,BFA,AFR,0.26,92.70708,2.96109,49.641,0.2,Burkina Faso,Africa,Low income,,,,,,,,,,,,,,,,,,,,,,,,,,,,,,,,,,,,
16,BGD,SEAR,0.23,103.44324,0.2855,11.945,0.15,Bangladesh,South-East Asia,Lower middle income,,,,,,,,,,,,,,,,,,,,,,,,,,,,,,,,,,,,
17,BGR,EUR,0.17,140.53897,0.61392,0.129,2.3,Bulgaria,Europe,Upper middle income,,,,,,,,,,,,,,,,,,,,,,,,,,,,,,,,,,,,
18,BHR,EMR,0.16,15.31571,0.20769,0.04,0.33,Bahrain,Eastern Mediterranean,High income,,,,,,,,,,,,,,,,,,,,,,,,,,,,,,,,,,,,
19,BHS,AMR,0.09,21.59453,0.14103,0.069,0.55,The Bahamas,Americas,High income,,,,,,,,,,,,,,,,,,,,,,,,,,,,,,,,,,,,
20,BIH,EUR,0.27,159.33101,0.52007,0.079,1.41,Bosnia and Herzegovina,Europe,Upper middle income,,,,,,,,,,,,,,,,,,,,,,,,,,,,,,,,,,,,
21,BLR,EUR,0.19,109.57402,2.61285,0.052,2.68,Belarus,Europe,Upper middle income,,,,,,,,,,,,,,,,,,,,,,,,,,,,,,,,,,,,
22,BLZ,AMR,0.13,35.14664,0.49164,0.965,0.48,Belize,Americas,Upper middle income,,,,,,,,,,,,,,,,,,,,,,,,,,,,,,,,,,,,
23,BOL,AMR,0.18,55.1977,2.027,5.577,2.35,Bolivia,Americas,Lower middle income,,,,,,,,,,,,,,,,,,,,,,,,,,,,,,,,,,,,
24,BRA,AMR,0.15,31.00301,0.19371,1.047,1.44,Brazil,Americas,Upper middle income,,,,,,,,,,,,,,,,,,,,,,,,,,,,,,,,,,,,
25,BRB,AMR,0.11,57.05168,0.20321,0.165,1.19,Barbados,Americas,High income,,,,,,,,,,,,,,,,,,,,,,,,,,,,,,,,,,,,
26,BRN,WPR,0.12,8.51677,0.34247,0.045,0.17,Brunei,Western Pacific,High income,,,,,,,,,,,,,,,,,,,,,,,,,,,,,,,,,,,,
27,BTN,SEAR,0.26,87.52842,0.5766,3.95,0.75,Bhutan,South-East Asia,Lower middle income,,,,,,,,,,,,,,,,,,,,,,,,,,,,,,,,,,,,
28,BWA,AFR,0.18,52.98551,1.11686,11.767,0.48,Botswana,Africa,Upper middle income,,,,,,,,,,,,,,,,,,,,,,,,,,,,,,,,,,,,
29,CAF,AFR,0.25,141.30379,3.22298,82.113,1.12,Central African Republic,Africa,Low income,,,,,,,,,,,,,,,,,,,,,,,,,,,,,,,,,,,,
30,CAN,AMR,0.11,14.70109,0.29862,0.368,2.51,Canada,Americas,High income,,,,,,,,,,,,,,,,,,,,,,,,,,,,,,,,,,,,
31,CHE,EUR,0.12,25.23938,0.09618,0.138,3.3,Switzerland,Europe,High income,,,,,,,,,,,,,,,,,,,,,,,,,,,,,,,,,,,,
32,CHL,AMR,0.12,34.7599,0.20839,0.203,1.81,Chile,Americas,High income,,,,,,,,,,,,,,,,,,,,,,,,,,,,,,,,,,,,
33,CHN,WPR,0.3,139.80904,1.35614,0.576,0.45,China,Western Pacific,Upper middle income,,,,,,,,,,,,,,,,,,,,,,,,,,,,,,,,,,,,
34,CIV,AFR,0.22,143.66878,3.94876,47.158,0.5,Ivory Coast,Africa,,,,,,,,,,,,,,,,,,,,,,,",,,,,,,,,,,,,,,,,,,",,,,,,,,,,,,,,
35,CMR,AFR,0.22,117.56454,3.12007,45.153,2.04,Cameroon,Africa,Lower middle income,,,,,,,,,,,,,,,,,,,,,,,,,,,,,,,,,,,,
36,COD,AFR,0.27,100.6621,3.2092,59.756,0.59,Democratic Republic of the Congo,Africa,Low income,,,,,,,,,,,,,,,,,,,,,,,,,,,,,,,,,,,,
37,COG,AFR,0.25,72.79668,1.2253,38.709,0.93,Republic of Congo,Africa,Lower middle income,,,,,,,,,,,,,,,,,,,,,,,,,,,,,,,,,,,,
38,COK,WPR,0.13,,,,0.61,Cook Islands,Western Pacific,,,,,,,,,,,,,,,,,,,,,,,,,,,,,,,,,,,,,
39,COL,AMR,0.17,34.37318,0.36515,0.753,0.68,Colombia,Americas,Upper middle income,,,,,,,,,,,,,,,,,,,,,,,,,,,,,,,,,,,,
40,COM,AFR,0.25,93.66477,2.36921,50.737,0.87,Comoros,Africa,Low income,,,,,,,,,,,,,,,,,,,,,,,,,,,,,,,,,,,,
41,CPV,AFR,0.21,68.56724,0.51041,4.137,0.98,Cape Verde,Africa,Lower middle income,,,,,,,,,,,,,,,,,,,,,,,,,,,,,,,,,,,,
42,CRI,AMR,0.15,26.90476,0.29214,0.864,2.17,Costa Rica,Americas,Upper middle income,,,,,,,,,,,,,,,,,,,,,,,,,,,,,,,,,,,,
43,CUB,AMR,0.15,89.87508,0.31294,1.026,2.43,Cuba,Americas,Upper middle income,,,,,,,,,,,,,,,,,,,,,,,,,,,,,,,,,,,,
44,CYP,EUR,0.13,32.64901,0.10154,0.279,1.33,Cyprus,Europe,High income,,,,,,,,,,,,,,,,,,,,,,,,,,,,,,,,,,,,
45,CZE,EUR,0.15,64.29868,0.29731,0.179,3.65,Czech Republic,Europe,High income,,,,,,,,,,,,,,,,,,,,,,,,,,,,,,,,,,,,
46,DEU,EUR,0.11,45.27283,0.15226,0.587,2.74,Germany,Europe,High income,,,,,,,,,,,,,,,,,,,,,,,,,,,,,,,,,,,,
47,DJI,EMR,0.18,98.98411,2.35191,31.286,0.73,Djibouti,Eastern Mediterranean,Lower middle income,,,,,,,,,,,,,,,,,,,,,,,,,,,,,,,,,,,,
48,DMA,AMR,0.13,,,,0.01,Dominica,Americas,,,,,,,,,,,,,,,,,,,,,,,,,,,,,,,,,,,,,
49,DNK,EUR,0.1,30.36658,0.14777,0.306,4.19,Denmark,Europe,High income,,,,,,,,,,,,,,,,,,,,,,,,,,,,,,,,,,,,
50,DOM,AMR,0.19,38.45124,0.38047,2.205,0.68,Dominican Republic,Americas,Upper middle income,,,,,,,,,,,,,,,,,,,,,,,,,,,,,,,,,,,,
51,DZA,AFR,0.17,40.33154,0.77317,1.867,0.29,Algeria,Africa,Upper middle income,,,,,,,,,,,,,,,,,,,,,,,,,,,,,,,,,,,,
52,ECU,AMR,0.16,22.37641,0.59173,0.642,0.76,Ecuador,Americas,Upper middle income,,,,,,,,,,,,,,,,,,,,,,,,,,,,,,,,,,,,
53,EGY,EMR,0.19,73.25533,0.22419,2.002,0.07,Egypt,Eastern Mediterranean,Lower middle income,,,,,,,,,,,,,,,,,,,,,,,,,,,,,,,,,,,,
54,ERI,AFR,0.24,95.46869,4.1718,45.564,0.6,Eritrea,Africa,Low income,,,,,,,,,,,,,,,,,,,,,,,,,,,,,,,,,,,,
55,ESP,EUR,0.11,27.12917,0.20236,0.152,2.55,Spain,Europe,High income,,,,,,,,,,,,,,,,,,,,,,,,,,,,,,,,,,,,
56,EST,EUR,0.13,59.867,0.48329,0.006,3.34,Estonia,Europe,High income,,,,,,,,,,,,,,,,,,,,,,,,,,,,,,,,,,,,
57,ETH,AFR,0.22,82.09592,2.86687,43.664,0.69,Ethiopia,Africa,Low income,,,,,,,,,,,,,,,,,,,,,,,,,,,,,,,,,,,,
58,FIN,EUR,0.11,18.67571,0.2282,0.036,2.96,Finland,Europe,High income,,,,,,,,,,,,,,,,,,,,,,,,,,,,,,,,,,,,
59,FJI,WPR,0.15,76.15148,0.44475,2.888,0.48,Fiji,Western Pacific,Upper middle income,,,,,,,,,,,,,,,,,,,,,,,,,,,,,,,,,,,,
60,FRA,EUR,0.11,25.17518,0.45874,0.265,2.38,France,Europe,High income,,,,,,,,,,,,,,,,,,,,,,,,,,,,,,,,,,,,
61,FSM,WPR,0.14,92.69592,0.98282,3.57,0.74,Federated States of Micronesia,Western Pacific,Lower middle income,,,,,,,,,,,,,,,,,,,,,,,,,,,,,,,,,,,,
62,GAB,AFR,0.19,50.55784,0.92714,20.579,3,Gabon,Africa,Upper middle income,,,,,,,,,,,,,,,,,,,,,,,,,,,,,,,,,,,,
63,GBR,EUR,0.12,32.12592,0.23367,0.197,2.86,United Kingdom,Europe,High income,,,,,,,,,,,,,,,,,,,,,,,,,,,,,,,,,,,,
64,GEO,EUR,0.25,184.01279,0.81154,0.18,1.93,Georgia,Europe,Lower middle income,,,,,,,,,,,,,,,,,,,,,,,,,,,,,,,,,,,,
65,GHA,AFR,0.23,101.46878,1.65976,18.836,0.8,Ghana,Africa,Lower middle income,,,,,,,,,,,,,,,,,,,,,,,,,,,,,,,,,,,,
66,GIN,AFR,0.24,127.29439,2.96213,44.634,0.65,Guinea,Africa,Low income,,,,,,,,,,,,,,,,,,,,,,,,,,,,,,,,,,,,
67,GMB,AFR,0.23,97.29858,1.88754,29.659,0.48,Gambia,Africa,Low income,,,,,,,,,,,,,,,,,,,,,,,,,,,,,,,,,,,,
68,GNB,AFR,0.24,108.39146,2.18784,35.272,0.91,Guinea Bissau,Africa,Low income,,,,,,,,,,,,,,,,,,,,,,,,,,,,,,,,,,,,
69,GNQ,AFR,0.24,100.05769,1.92406,22.289,0.99,Equatorial Guinea,Africa,Upper middle income,,,,,,,,,,,,,,,,,,,,,,,,,,,,,,,,,,,,
70,GRC,EUR,0.16,76.71261,0.23408,0.037,2.86,Greece,Europe,High income,,,,,,,,,,,,,,,,,,,,,,,,,,,,,,,,,,,,
71,GRD,AMR,0.14,43.8919,0.36327,0.343,0.31,Grenada,Americas,Upper middle income,,,,,,,,,,,,,,,,,,,,,,,,,,,,,,,,,,,,
72,GTM,AMR,0.17,49.53368,1.06813,6.295,0.29,Guatemala,Americas,Upper middle income,,,,,,,,,,,,,,,,,,,,,,,,,,,,,,,,,,,,
73,GUY,AMR,0.18,75.53807,0.72714,3.649,0.18,Guyana,Americas,Upper middle income,,,,,,,,,,,,,,,,,,,,,,,,,,,,,,,,,,,,
74,HND,AMR,0.2,39.43291,0.39071,3.619,0.5,Honduras,Americas,Lower middle income,,,,,,,,,,,,,,,,,,,,,,,,,,,,,,,,,,,,
75,HRV,EUR,0.16,86.45354,0.17308,0.112,4.4,Croatia,Europe,High income,,,,,,,,,,,,,,,,,,,,,,,,,,,,,,,,,,,,
76,HTI,AMR,0.23,127.30315,2.57105,23.792,0.09,Haiti,Americas,Low income,,,,,,,,,,,,,,,,,,,,,,,,,,,,,,,,,,,,
77,HUN,EUR,0.17,82.68938,0.26785,0.24,3.68,Hungary,Europe,High income,,,,,,,,,,,,,,,,,,,,,,,,,,,,,,,,,,,,
78,IDN,SEAR,0.23,80.76009,0.40332,7.057,0.47,Indonesia,South-East Asia,Lower middle income,,,,,,,,,,,,,,,,,,,,,,,,,,,,,,,,,,,,
79,IND,SEAR,0.3,140.75473,2.36452,18.584,0.18,India,South-East Asia,Lower middle income,,,,,,,,,,,,,,,,,,,,,,,,,,,,,,,,,,,,
80,IRL,EUR,0.13,20.22318,0.20796,0.074,2.07,Ireland,Europe,,,,,,,,,,,,,,,,,,,,,",,,,,,,,,,,,,,,,,,,",,,,,,,,,,,,,,,,
81,IRN,EMR,0.22,35.02813,1.19578,0.985,1,Iran,Eastern Mediterranean,Upper middle income,,,,,,,,,,,,,,,,,,,,,,,,,,,,,,,,,,,,
82,IRQ,EMR,0.21,35.33759,0.49557,3.035,0.29,Iraq,Eastern Mediterranean,,,,,,,,,,,,,,,,,,,,,",,,,,,,,,,,,,,,,,,,",,,,,,,,,,,,,,,,
83,ISL,EUR,0.09,16.85006,0.21087,0.104,1.24,Iceland,Europe,High income,,,,,,,,,,,,,,,,,,,,,,,,,,,,,,,,,,,,
84,ISR,EUR,0.12,23.24783,0.14239,0.247,2.75,Israel,Europe,,,,,,,,,,,,,,,,,,,,,",,,,,,,,,,,,,,,,,,,",,,,,,,,,,,,,,,,
85,ITA,EUR,0.13,48.66832,0.26749,0.137,3.01,Italy,Europe,,,,,,,,,,,,,,,,,,,,,",,,,,,,,,,,,,,,,,,,",,,,,,,,,,,,,,,,
86,JAM,AMR,0.14,31.76192,0.21191,0.614,0.52,Jamaica,Americas,,,,,,,,,,,,,,,,,,,,,",,,,,,,,,,,,,,,,,,,",,,,,,,,,,,,,,,,
87,JOR,EMR,0.18,26.19685,0.62849,0.626,0.56,Jordan,Eastern Mediterranean,,,,,,,,,,,,,,,,,,,,,",,,,,,,,,,,,,,,,,,,",,,,,,,,,,,,,,,,
88,JPN,WPR,0.11,42.8813,0.41317,0.167,1.11,Japan,Western Pacific,,,,,,,,,,,,,,,,,,,,,",,,,,,,,,,,,,,,,,,,",,,,,,,,,,,,,,,,
89,KAZ,EUR,0.2,56.7782,2.30124,0.383,1.84,Kazakhstan,Europe,,,,,,,,,,,,,,,,,,,,,",,,,,,,,,,,,,,,,,,,",,,,,,,,,,,,,,,,
90,KEN,AFR,0.22,39.88521,1.77029,51.155,0.58,Kenya,Africa,,,,,,,,,,,,,,,,,,,,,",,,,,,,,,,,,,,,,,,,",,,,,,,,,,,,,,,,
91,KGZ,EUR,0.24,74.00945,0.63478,0.776,0.91,Kyrgyzstan,Europe,,,,,,,,,,,,,,,,,,,,,",,,,,,,,,,,,,,,,,,,",,,,,,,,,,,,,,,,
92,KHM,WPR,0.25,87.32692,0.6037,6.47,0.15,Cambodia,Western Pacific,Lower middle income,,,,,,,,,,,,,,,,,,,,,,,,,,,,,,,,,,,,
93,KIR,WPR,0.15,88.06989,2.57035,16.658,0.44,Kiribati,Western Pacific,,,,,,,,,,,,,,,,,,,,,",,,,,,,,,,,,,,,,,,,",,,,,,,,,,,,,,,,
94,KNA,AMR,0.08,,,,0.01,Saint Kitts and Nevis,Americas,,,,,,,,,,,,,,,,,,,,,,,,,,,,,,,,,,,,,
95,KOR,WPR,0.14,34.95016,0.50992,1.806,0.69,South Korea,Western Pacific,High income,,,,,,,,,,,,,,,,,,,,,,,,,,,,,,,,,,,,
96,KWT,EMR,0.2,36.7977,0.1808,0.012,0.2,Kuwait,Eastern Mediterranean,,,,,,,,,,,,,,,,,,,,,",,,,,,,,,,,,,,,,,,,",,,,,,,,,,,,,,,,
97,LAO,WPR,0.32,109.93365,0.884,11.313,0.26,Laos,Western Pacific,,,,,,,,,,,,,,,,,,,,,,,,,,,,,,,,,,,,,
98,LBN,EMR,0.19,52.00714,0.29784,0.787,0.4,Lebanon,Eastern Mediterranean,Upper middle income,,,,,,,,,,,,,,,,,,,,,,,,,,,,,,,,,,,,
99,LBR,AFR,0.24,83.31679,1.81176,41.543,1.78,Liberia,Africa,Low income,,,,,,,,,,,,,,,,,,,,,,,,,,,,,,,,,,,,
100,LBY,EMR,0.19,43.30288,0.61539,0.583,0.63,Libya,Eastern Mediterranean,Upper middle income,,,,,,,,,,,,,,,,,,,,,,,,,,,,,,,,,,,,
101,LCA,AMR,0.15,37.54106,0.1845,0.629,0.48,Saint Lucia,Americas,Upper middle income,,,,,,,,,,,,,,,,,,,,,,,,,,,,,,,,,,,,
102,LKA,SEAR,0.25,89.47481,0.42148,1.19,0.22,Sri Lanka,South-East Asia,Lower middle income,,,,,,,,,,,,,,,,,,,,,,,,,,,,,,,,,,,,
103,LSO,AFR,0.16,113.38937,3.11538,44.357,0.74,Lesotho,Africa,Lower middle income,,,,,,,,,,,,,,,,,,,,,,,,,,,,,,,,,,,,
104,LTU,EUR,0.15,82.12676,0.71364,0.081,2.82,Lithuania,Europe,High income,,,,,,,,,,,,,,,,,,,,,,,,,,,,,,,,,,,,
105,LUX,EUR,0.11,22.64015,0.1,0.048,2.72,Luxembourg,Europe,High income,,,,,,,,,,,,,,,,,,,,,,,,,,,,,,,,,,,,
106,LVA,EUR,0.15,97.78462,0.84577,0.021,3.6,Latvia,Europe,High income,,,,,,,,,,,,,,,,,,,,,,,,,,,,,,,,,,,,
107,MAR,EMR,0.16,40.25763,0.56296,1.903,0.41,Morocco,Eastern Mediterranean,Lower middle income,,,,,,,,,,,,,,,,,,,,,,,,,,,,,,,,,,,,
108,MCO,EUR,0.08,,,,2.31,Monaco,Europe,,,,,,,,,,,,,,,,,,,,,,,,,,,,,,,,,,,,,
109,MDA,EUR,0.21,106.64292,1.16198,0.096,1.69,Moldova,Europe,Lower middle income,,,,,,,,,,,,,,,,,,,,,,,,,,,,,,,,,,,,
110,MDG,AFR,0.26,79.94035,3.31769,30.232,0,Madagascar,Africa,Low income,,,,,,,,,,,,,,,,,,,,,,,,,,,,,,,,,,,,
111,MDV,SEAR,0.13,14.22153,0.04088,0.306,1.25,Maldives,South-East Asia,Upper middle income,,,,,,,,,,,,,,,,,,,,,,,,,,,,,,,,,,,,
112,MEX,AMR,0.14,32.99539,0.43102,1.056,0.93,Mexico,Americas,Upper middle income,,,,,,,,,,,,,,,,,,,,,,,,,,,,,,,,,,,,
113,MHL,WPR,0.15,,,,0.78,Marshall Islands,Western Pacific,,,,,,,,,,,,,,,,,,,,,,,,,,,,,,,,,,,,,
114,MKD,EUR,0.17,124.88936,0.36519,0.074,3.25,Macedonia,Europe,Upper middle income,,,,,,,,,,,,,,,,,,,,,,,,,,,,,,,,,,,,
115,MLI,AFR,0.27,106.58382,3.2545,70.721,0.34,Mali,Africa,Low income,,,,,,,,,,,,,,,,,,,,,,,,,,,,,,,,,,,,
116,MLT,EUR,0.16,43.5251,0.12168,0.033,1.98,Malta,Europe,High income,,,,,,,,,,,,,,,,,,,,,,,,,,,,,,,,,,,,
117,MMR,SEAR,0.25,116.14039,1.4139,12.619,0.18,Myanmar,South-East Asia,Lower middle income,,,,,,,,,,,,,,,,,,,,,,,,,,,,,,,,,,,,
118,MNE,EUR,0.19,139.84056,0.52518,0.025,,Montenegro,Europe,Upper middle income,,,,,,,,,,,,,,,,,,,,,,,,,,,,",,,,,,,,,,,,,,,,,,,",,,,,,,,
119,MNG,WPR,0.27,97.05481,1.56658,1.289,0.32,Mongolia,Western Pacific,Lower middle income,,,,,,,,,,,,,,,,,,,,,,,,,,,,,,,,,,,,
120,MOZ,AFR,0.23,64.21695,2.94252,27.629,0.84,Mozambique,Africa,Low income,,,,,,,,,,,,,,,,,,,,,,,,,,,,,,,,,,,,
121,MRT,AFR,0.23,87.61095,1.8695,38.569,0.92,Mauritania,Africa,Lower middle income,,,,,,,,,,,,,,,,,,,,,,,,,,,,,,,,,,,,
122,MUS,AFR,0.11,47.68457,0.10571,0.588,0.27,Mauritius,Africa,Upper middle income,,,,,,,,,,,,,,,,,,,,,,,,,,,,,,,,,,,,
123,MWI,AFR,0.22,53.97266,1.99387,28.29,1.04,Malawi,Africa,Low income,,,,,,,,,,,,,,,,,,,,,,,,,,,,,,,,,,,,
124,MYS,WPR,0.18,35.19356,0.48435,0.42,0.41,Malaysia,Western Pacific,Upper middle income,,,,,,,,,,,,,,,,,,,,,,,,,,,,,,,,,,,,
125,NAM,AFR,0.19,74.79065,1.5474,18.317,2.1,Namibia,Africa,Upper middle income,,,,,,,,,,,,,,,,,,,,,,,,,,,,,,,,,,,,
126,NER,AFR,0.28,139.59137,4.15257,70.815,0.31,Niger,Africa,Low income,,,,,,,,,,,,,,,,,,,,,,,,,,,,,,,,,,,,
127,NGA,AFR,0.24,158.62488,2.96244,68.628,0.86,Nigeria,Africa,Lower middle income,,,,,,,,,,,,,,,,,,,,,,,,,,,,,,,,,,,,
128,NIC,AMR,0.2,42.80965,0.5712,2.244,0.28,Nicaragua,Americas,Lower middle income,,,,,,,,,,,,,,,,,,,,,,,,,,,,,,,,,,,,
129,NIU,WPR,0.12,,,,,Niue,Western Pacific,,,,,,,,,,,,,,,,,,,,,,,,,,,,,,,,,,,,,
130,NLD,EUR,0.12,31.31677,0.0998,0.241,2.99,Netherlands,Europe,High income,,,,,,,,,,,,,,,,,,,,,,,,,,,,,,,,,,,,
131,NOR,EUR,0.09,18.67412,0.18356,0.212,4.62,Norway,Europe,High income,,,,,,,,,,,,,,,,,,,,,,,,,,,,,,,,,,,,
132,NPL,SEAR,0.25,133.14172,0.44595,19.83,0.2,Nepal,South-East Asia,Low income,,,,,,,,,,,,,,,,,,,,,,,,,,,,,,,,,,,,
133,NRU,WPR,0.12,,,,0.59,Nauru,Western Pacific,,,,,,,,,,,,,,,,,,,,,,,,,,,,,,,,,,,,,
134,NZL,WPR,0.11,13.59947,0.18557,0.146,5.49,New Zealand,Western Pacific,High income,,,,,,,,,,,,,,,,,,,,,,,,,,,,,,,,,,,,
135,OMN,EMR,0.17,22.0785,0.42058,0.046,0.51,Oman,Eastern Mediterranean,High income,,,,,,,,,,,,,,,,,,,,,,,,,,,,,,,,,,,,
136,PAK,EMR,0.25,113.03244,2.27401,19.589,0.2,Pakistan,Eastern Mediterranean,Lower middle income,,,,,,,,,,,,,,,,,,,,,,,,,,,,,,,,,,,,
137,PAN,AMR,0.14,26.37075,0.39116,1.896,0.77,Panama,Americas,High income,,,,,,,,,,,,,,,,,,,,,,,,,,,,,,,,,,,,
138,PER,AMR,0.16,58.27189,0.8898,1.277,0,Peru,Americas,Upper middle income,,,,,,,,,,,,,,,,,,,,,,,,,,,,,,,,,,,,
139,PHL,WPR,0.22,116.72905,0.24566,4.193,0.34,Philippines,Western Pacific,Lower middle income,,,,,,,,,,,,,,,,,,,,,,,,,,,,,,,,,,,,
140,PLW,WPR,0.12,,,,0.62,Palau,Western Pacific,,,,,,,,,,,,,,,,,,,,,,,,,,,,,,,,,,,,,
141,PNG,WPR,0.19,89.55867,1.66411,16.31,0.99,Papua New Guinea,Western Pacific,Lower middle income,,,,,,,,,,,,,,,,,,,,,,,,,,,,,,,,,,,,
142,POL,EUR,0.16,76.30011,0.2499,0.091,3.51,Poland,Europe,High income,,,,,,,,,,,,,,,,,,,,,,,,,,,,,,,,,,,,
143,PRK,SEAR,0.31,230.92873,1.89974,1.357,0.1,North Korea,South-East Asia,,,,,,,,,,,,,,,,,,,,,",,,,,,,,,,,,,,,,,,,",,,,,,,,,,,,,,,,
144,PRT,EUR,0.11,28.31037,0.25844,0.153,2.52,Portugal,Europe,High income,,,,,,,,,,,,,,,,,,,,,,,,,,,,,,,,,,,,
145,PRY,AMR,0.2,45.54725,0.34076,1.465,0.56,Paraguay,Americas,Upper middle income,,,,,,,,,,,,,,,,,,,,,,,,,,,,,,,,,,,,
146,QAT,EMR,0.2,12.84385,0.42816,0.008,0.22,Qatar,Eastern Mediterranean,High income,,,,,,,,,,,,,,,,,,,,,,,,,,,,,,,,,,,,
147,ROU,EUR,0.19,123.36003,0.39368,0.362,2.86,Romania,Europe,Upper middle income,,,,,,,,,,,,,,,,,,,,,,,,,,,,,,,,,,,,
148,RUS,EUR,0.17,85.92071,1.69436,0.105,1.64,Russia,Europe,Upper middle income,,,,,,,,,,,,,,,,,,,,,,,,,,,,,,,,,,,,
149,RWA,AFR,0.24,59.05943,2.36529,19.349,1.16,Rwanda,Africa,Low income,,,,,,,,,,,,,,,,,,,,,,,,,,,,,,,,,,,,
150,SAU,EMR,0.2,39.44778,0.65315,0.092,0.55,Saudi Arabia,Eastern Mediterranean,High income,,,,,,,,,,,,,,,,,,,,,,,,,,,,,,,,,,,,
151,SDN,EMR,0.23,104.95635,3.9267,17.322,1.2,Sudan,Eastern Mediterranean,Lower middle income,,,,,,,,,,,,,,,,,,,,,,,,,,,,,,,,,,,,
152,SEN,AFR,0.21,74.30325,2.27423,23.869,1.12,Senegal,Africa,Low income,,,,,,,,,,,,,,,,,,,,,,,,,,,,,,,,,,,,
153,SGP,WPR,0.13,39.32656,0.08205,0.066,0.87,Singapore,Western Pacific,High income,,,,,,,,,,,,,,,,,,,,,,,,,,,,,,,,,,,,
154,SLB,WPR,0.21,66.89928,0.9362,6.176,0.34,Solomon Islands,Western Pacific,Lower middle income,,,,,,,,,,,,,,,,,,,,,,,,,,,,,,,,,,,,
155,SLE,AFR,0.24,147.98648,4.13,81.293,0.91,Sierra Leone,Africa,Low income,,,,,,,,,,,,,,,,,,,,,,,,,,,,,,,,,,,,
156,SLV,AMR,0.17,42.42486,0.22821,2.005,0.6,El Salvador,Americas,Lower middle income,,,,,,,,,,,,,,,,,,,,,,,,,,,,,,,,,,,,
157,SMR,EUR,0.07,,,,2.82,San Marino,Europe,,,,,,,,,,,,,,,,,,,,,,,,,,,,,,,,,,,,,
158,SOM,EMR,0.24,152.04871,4.57784,86.575,0.97,Somalia,Eastern Mediterranean,Low income,,,,,,,,,,,,,,,,,,,,,,,,,,,,,,,,,,,,
159,SRB,EUR,0.15,121.52152,0.33351,0.737,,Republic of Serbia,Europe,Upper middle income,,,,,,,,,,,,,,,,,,,,,,,,,,,,",,,,,,,,,,,,,,,,,,,",,,,,,,,
160,SSD,AFR,0.22,109.18971,3.98943,63.287,,South Sudan,Africa,Low income,,,,,,,,,,,,,,,,,,,,,,,,,,,,",,,,,,,,,,,,,,,,,,,",,,,,,,,
161,STP,AFR,0.19,81.86382,0.86361,11.361,0.8,Sao Tome and Principe,Africa,Lower middle income,,,,,,,,,,,,,,,,,,,,,,,,,,,,,,,,,,,,
162,SUR,AMR,0.16,50.6272,0.37307,2.007,0.2,Suriname,Americas,Upper middle income,,,,,,,,,,,,,,,,,,,,,,,,,,,,,,,,,,,,
163,SVK,EUR,0.16,59.05878,0.35801,0.045,2.5,Slovakia,Europe,High income,,,,,,,,,,,,,,,,,,,,,,,,,,,,,,,,,,,,
164,SVN,EUR,0.13,56.76497,0.29316,0.021,3.73,Slovenia,Europe,High income,,,,,,,,,,,,,,,,,,,,,,,,,,,,,,,,,,,,
165,SWE,EUR,0.1,18.49115,0.3837,0.215,3.76,Sweden,Europe,High income,,,,,,,,,,,,,,,,,,,,,,,,,,,,,,,,,,,,
166,SWZ,AFR,0.17,68.64851,3.30582,27.893,3.14,Swaziland,Africa,Lower middle income,,,,,,,,,,,,,,,,,,,,,,,,,,,,,,,,,,,,
167,SYC,AFR,0.14,56.41708,0.56426,0.169,0.86,Seychelles,Africa,High income,,,,,,,,,,,,,,,,,,,,,,,,,,,,,,,,,,,,
168,SYR,EMR,0.13,43.56659,0.37744,3.665,0.24,Syria,Eastern Mediterranean,Low income,,,,,,,,,,,,,,,,,,,,,,,,,,,,,,,,,,,,
169,TCD,AFR,0.26,180.93909,3.5872,101.043,0.86,Chad,Africa,Low income,,,,,,,,,,,,,,,,,,,,,,,,,,,,,,,,,,,,
170,TGO,AFR,0.24,114.8542,2.39382,41.633,0.69,Togo,Africa,Low income,,,,,,,,,,,,,,,,,,,,,,,,,,,,,,,,,,,,
171,THA,SEAR,0.19,84.6127,0.40809,3.507,0.37,Thailand,South-East Asia,Upper middle income,,,,,,,,,,,,,,,,,,,,,,,,,,,,,,,,,,,,
172,TJK,EUR,0.23,70.49281,1.18318,2.7,0.5,Tajikistan,Europe,Low income,,,,,,,,,,,,,,,,,,,,,,,,,,,,,,,,,,,,
173,TKM,EUR,0.25,51.35366,0.7407,3.978,0.75,Turkmenistan,Europe,Upper middle income,,,,,,,,,,,,,,,,,,,,,,,,,,,,,,,,,,,,
174,TLS,SEAR,0.23,76.62543,0.42562,9.913,0.24,Timor,South-East Asia,Lower middle income,,,,,,,,,,,,,,,,,,,,,,,,,,,,,,,,,,,,
175,TON,WPR,0.13,56.5617,1.33443,1.425,,Tonga,Western Pacific,Upper middle income,,,,,,,,,,,,,,,,,,,,,,,,,,,,",,,,,,,,,,,,,,,,,,,",,,,,,,,
176,TTO,AMR,0.1,44.80718,0.24146,0.142,0.36,Trinidad and Tobago,Americas,High income,,,,,,,,,,,,,,,,,,,,,,,,,,,,,,,,,,,,
177,TUN,EMR,0.18,57.39027,0.46363,1.015,0.51,Tunisia,Eastern Mediterranean,Lower middle income,,,,,,,,,,,,,,,,,,,,,,,,,,,,,,,,,,,,
178,TUR,EUR,0.18,46.15403,0.3093,0.296,0.57,Turkey,Europe,Upper middle income,,,,,,,,,,,,,,,,,,,,,,,,,,,,,,,,,,,,
179,TUV,WPR,0.13,,,0.96,,Tuvalu,Western Pacific,,,,,,,,,,,,,,,,,,,,,,,,,,,,,,,,,,,,,
180,TZA,AFR,0.22,75.04659,2.69236,38.403,1.2,United Republic of Tanzania,Africa,,,,,,,,,,,,,,,,,,,,,",,,,,,,,,,,,,,,,,,,",,,,,,,,,,,,,,,,
181,UGA,AFR,0.23,73.88557,3.17973,31.559,0.63,Uganda,Africa,Low income,,,,,,,,,,,,,,,,,,,,,,,,,,,,,,,,,,,,
182,UKR,EUR,0.2,136.53622,2.54603,0.269,2.5,Ukraine,Europe,Lower middle income,,,,,,,,,,,,,,,,,,,,,,,,,,,,,,,,,,,,
183,URY,AMR,0.1,32.30116,0.4069,0.36,2.46,Uruguay,Americas,High income,,,,,,,,,,,,,,,,,,,,,,,,,,,,,,,,,,,,
184,USA,AMR,0.11,24.07045,0.90407,0.232,2.93,United States of America,Americas,,,,,,,,,,,,,,,,,,,,,",,,,,,,,,,,,,,,,,,,",,,,,,,,,,,,,,,,
185,UZB,EUR,0.24,54.10076,1.03475,0.442,0.6,Uzbekistan,Europe,Lower middle income,,,,,,,,,,,,,,,,,,,,,,,,,,,,,,,,,,,,
186,VCT,AMR,0.15,47.89988,0.18831,1.333,0.04,Saint Vincent and the Grenadines,Americas,Upper middle income,,,,,,,,,,,,,,,,,,,,,,,,,,,,,,,,,,,,
187,VEN,AMR,0.18,28.94995,0.28764,1.39,0.99,Venezuela,Americas,Upper middle income,,,,,,,,,,,,,,,,,,,,,,,,,,,,,,,,,,,,
188,VNM,WPR,0.25,65.14297,0.91622,1.621,0.13,Viet Nam,Western Pacific,Lower middle income,,,,,,,,,,,,,,,,,,,,,,,,,,,,,,,,,,,,
189,VUT,WPR,0.21,75.76431,0.85017,10.418,0.47,Vanuatu,Western Pacific,Lower middle income,,,,,,,,,,,,,,,,,,,,,,,,,,,,,,,,,,,,
190,WSM,WPR,0.15,62.26196,0.49645,1.489,0.7,Samoa,Western Pacific,Upper middle income,,,,,,,,,,,,,,,,,,,,,,,,,,,,,,,,,,,,
191,YEM,EMR,0.19,89.75099,3.7715,10.203,0.69,Yemen,Eastern Mediterranean,Low income,,,,,,,,,,,,,,,,,,,,,,,,,,,,,,,,,,,,
192,ZAF,AFR,0.16,61.06443,1.23513,13.669,0.91,South Africa,Africa,Upper middle income,,,,,,,,,,,,,,,,,,,,,,,,,,,,,,,,,,,,
193,ZMB,AFR,0.23,63.39138,2.94165,34.913,1.09,Zambia,Africa,Lower middle income,,,,,,,,,,,,,,,,,,,,,,,,,,,,,,,,,,,,
194,ZWE,AFR,0.19,66.66685,2.23005,24.551,0.79,Zimbabwe,Africa,Low income,,,,,,,,,,,,,,,,,,,,,,,,,,,,,,,,,,,,
